('DFMdata/oscarballot', 67, u'drop "see your selections" button from nav bar for sunday night.', '', [], u'2013-02-20T19:11:32Z', None, u'peggybustamante', u'closed', [], u'2013-05-16T17:28:55Z')
('DFMdata/oscarballot', 66, u'Highlight the actual winner', '', [], u'2013-02-20T17:12:12Z', None, u'peggybustamante', u'closed', [], u'2013-02-20T17:12:20Z')
('DFMdata/oscarballot', 65, u'Hitting "next category" from costume design leads to a dead end.', '', [u'bug'], u'2013-02-19T16:41:25Z', {u'description': '', u'title': u'Midweek iteration', u'url': u'https://api.github.com/repos/DFMdata/oscarballot/milestones/5', u'labels_url': u'https://api.github.com/repos/DFMdata/oscarballot/milestones/5/labels', u'created_at': u'2013-02-18T04:02:49Z', u'creator': {u'following_url': u'https://api.github.com/users/tommeagher/following{/other_user}', u'events_url': u'https://api.github.com/users/tommeagher/events{/privacy}', u'organizations_url': u'https://api.github.com/users/tommeagher/orgs', u'url': u'https://api.github.com/users/tommeagher', u'gists_url': u'https://api.github.com/users/tommeagher/gists{/gist_id}', u'html_url': u'https://github.com/tommeagher', u'subscriptions_url': u'https://api.github.com/users/tommeagher/subscriptions', u'avatar_url': u'https://secure.gravatar.com/avatar/f49ee94410e25430a43962cd23fb683b?d=https://a248.e.akamai.net/assets.github.com%2Fimages%2Fgravatars%2Fgravatar-user-420.png', u'repos_url': u'https://api.github.com/users/tommeagher/repos', u'received_events_url': u'https://api.github.com/users/tommeagher/received_events', u'gravatar_id': u'f49ee94410e25430a43962cd23fb683b', u'starred_url': u'https://api.github.com/users/tommeagher/starred{/owner}{/repo}', u'login': u'tommeagher', u'type': u'User', u'id': 713778, u'followers_url': u'https://api.github.com/users/tommeagher/followers'}, u'number': 5, u'updated_at': u'2013-05-16T17:28:28Z', u'due_on': u'2013-02-20T08:00:00Z', u'state': u'closed', u'closed_issues': 10, u'open_issues': 0, u'id': 269499}, u'peggybustamante', u'closed', [], u'2013-02-19T17:57:25Z')
('DFMdata/oscarballot', 64, u"Scott Klein's blog post", '', [u'task'], u'2013-02-18T20:21:43Z', {u'description': '', u'title': u'Midweek iteration', u'url': u'https://api.github.com/repos/DFMdata/oscarballot/milestones/5', u'labels_url': u'https://api.github.com/repos/DFMdata/oscarballot/milestones/5/labels', u'created_at': u'2013-02-18T04:02:49Z', u'creator': {u'following_url': u'https://api.github.com/users/tommeagher/following{/other_user}', u'events_url': u'https://api.github.com/users/tommeagher/events{/privacy}', u'organizations_url': u'https://api.github.com/users/tommeagher/orgs', u'url': u'https://api.github.com/users/tommeagher', u'gists_url': u'https://api.github.com/users/tommeagher/gists{/gist_id}', u'html_url': u'https://github.com/tommeagher', u'subscriptions_url': u'https://api.github.com/users/tommeagher/subscriptions', u'avatar_url': u'https://secure.gravatar.com/avatar/f49ee94410e25430a43962cd23fb683b?d=https://a248.e.akamai.net/assets.github.com%2Fimages%2Fgravatars%2Fgravatar-user-420.png', u'repos_url': u'https://api.github.com/users/tommeagher/repos', u'received_events_url': u'https://api.github.com/users/tommeagher/received_events', u'gravatar_id': u'f49ee94410e25430a43962cd23fb683b', u'starred_url': u'https://api.github.com/users/tommeagher/starred{/owner}{/repo}', u'login': u'tommeagher', u'type': u'User', u'id': 713778, u'followers_url': u'https://api.github.com/users/tommeagher/followers'}, u'number': 5, u'updated_at': u'2013-05-16T17:28:28Z', u'due_on': u'2013-02-20T08:00:00Z', u'state': u'closed', u'closed_issues': 10, u'open_issues': 0, u'id': 269499}, u'peggybustamante', u'closed', [], u'2013-02-21T23:18:18Z')
('DFMdata/oscarballot', 63, u'The select box is only nav element that highlights on hover. Add hover to other buttons.', '', [], u'2013-02-18T20:09:19Z', {u'description': '', u'title': u'Midweek iteration', u'url': u'https://api.github.com/repos/DFMdata/oscarballot/milestones/5', u'labels_url': u'https://api.github.com/repos/DFMdata/oscarballot/milestones/5/labels', u'created_at': u'2013-02-18T04:02:49Z', u'creator': {u'following_url': u'https://api.github.com/users/tommeagher/following{/other_user}', u'events_url': u'https://api.github.com/users/tommeagher/events{/privacy}', u'organizations_url': u'https://api.github.com/users/tommeagher/orgs', u'url': u'https://api.github.com/users/tommeagher', u'gists_url': u'https://api.github.com/users/tommeagher/gists{/gist_id}', u'html_url': u'https://github.com/tommeagher', u'subscriptions_url': u'https://api.github.com/users/tommeagher/subscriptions', u'avatar_url': u'https://secure.gravatar.com/avatar/f49ee94410e25430a43962cd23fb683b?d=https://a248.e.akamai.net/assets.github.com%2Fimages%2Fgravatars%2Fgravatar-user-420.png', u'repos_url': u'https://api.github.com/users/tommeagher/repos', u'received_events_url': u'https://api.github.com/users/tommeagher/received_events', u'gravatar_id': u'f49ee94410e25430a43962cd23fb683b', u'starred_url': u'https://api.github.com/users/tommeagher/starred{/owner}{/repo}', u'login': u'tommeagher', u'type': u'User', u'id': 713778, u'followers_url': u'https://api.github.com/users/tommeagher/followers'}, u'number': 5, u'updated_at': u'2013-05-16T17:28:28Z', u'due_on': u'2013-02-20T08:00:00Z', u'state': u'closed', u'closed_issues': 10, u'open_issues': 0, u'id': 269499}, u'peggybustamante', u'closed', [{'commenter': u'hsunelson', 'comment_body': u'add this to the oscarballot.css\r\n\r\n.nav-pills > li > a:hover { background-color: #eee; }', 'created_at': u'2013-02-18T18:33:17Z', 'comment_id': 13736033, 'updated_at': None}, {'commenter': u'peggybustamante', 'comment_body': u'I added the code to oscarballot.css, but it doesn\'t seem to be "taking". is there a conflicting "hover" on line 39?', 'created_at': u'2013-02-18T20:09:19Z', 'comment_id': 13740441, 'updated_at': None}], u'2013-02-18T20:47:35Z')
('DFMdata/oscarballot', 62, u'Calculate the winners', u'To be flopped in at 7 p.m. Sunday', [], u'2013-02-18T16:52:28Z', {u'description': '', u'title': u'Midweek iteration', u'url': u'https://api.github.com/repos/DFMdata/oscarballot/milestones/5', u'labels_url': u'https://api.github.com/repos/DFMdata/oscarballot/milestones/5/labels', u'created_at': u'2013-02-18T04:02:49Z', u'creator': {u'following_url': u'https://api.github.com/users/tommeagher/following{/other_user}', u'events_url': u'https://api.github.com/users/tommeagher/events{/privacy}', u'organizations_url': u'https://api.github.com/users/tommeagher/orgs', u'url': u'https://api.github.com/users/tommeagher', u'gists_url': u'https://api.github.com/users/tommeagher/gists{/gist_id}', u'html_url': u'https://github.com/tommeagher', u'subscriptions_url': u'https://api.github.com/users/tommeagher/subscriptions', u'avatar_url': u'https://secure.gravatar.com/avatar/f49ee94410e25430a43962cd23fb683b?d=https://a248.e.akamai.net/assets.github.com%2Fimages%2Fgravatars%2Fgravatar-user-420.png', u'repos_url': u'https://api.github.com/users/tommeagher/repos', u'received_events_url': u'https://api.github.com/users/tommeagher/received_events', u'gravatar_id': u'f49ee94410e25430a43962cd23fb683b', u'starred_url': u'https://api.github.com/users/tommeagher/starred{/owner}{/repo}', u'login': u'tommeagher', u'type': u'User', u'id': 713778, u'followers_url': u'https://api.github.com/users/tommeagher/followers'}, u'number': 5, u'updated_at': u'2013-05-16T17:28:28Z', u'due_on': u'2013-02-20T08:00:00Z', u'state': u'closed', u'closed_issues': 10, u'open_issues': 0, u'id': 269499}, None, u'closed', [{'commenter': u'tommeagher', 'comment_body': u'And need new explainer text.', 'created_at': u'2013-02-18T16:52:28Z', 'comment_id': 13731204, 'updated_at': None}], u'2013-02-20T17:11:53Z')
('DFMdata/oscarballot', 61, u'Put Next category button back in', u'Change "Home to all categories" to "All Categories."', [], u'2013-02-18T20:14:58Z', {u'description': '', u'title': u'Midweek iteration', u'url': u'https://api.github.com/repos/DFMdata/oscarballot/milestones/5', u'labels_url': u'https://api.github.com/repos/DFMdata/oscarballot/milestones/5/labels', u'created_at': u'2013-02-18T04:02:49Z', u'creator': {u'following_url': u'https://api.github.com/users/tommeagher/following{/other_user}', u'events_url': u'https://api.github.com/users/tommeagher/events{/privacy}', u'organizations_url': u'https://api.github.com/users/tommeagher/orgs', u'url': u'https://api.github.com/users/tommeagher', u'gists_url': u'https://api.github.com/users/tommeagher/gists{/gist_id}', u'html_url': u'https://github.com/tommeagher', u'subscriptions_url': u'https://api.github.com/users/tommeagher/subscriptions', u'avatar_url': u'https://secure.gravatar.com/avatar/f49ee94410e25430a43962cd23fb683b?d=https://a248.e.akamai.net/assets.github.com%2Fimages%2Fgravatars%2Fgravatar-user-420.png', u'repos_url': u'https://api.github.com/users/tommeagher/repos', u'received_events_url': u'https://api.github.com/users/tommeagher/received_events', u'gravatar_id': u'f49ee94410e25430a43962cd23fb683b', u'starred_url': u'https://api.github.com/users/tommeagher/starred{/owner}{/repo}', u'login': u'tommeagher', u'type': u'User', u'id': 713778, u'followers_url': u'https://api.github.com/users/tommeagher/followers'}, u'number': 5, u'updated_at': u'2013-05-16T17:28:28Z', u'due_on': u'2013-02-20T08:00:00Z', u'state': u'closed', u'closed_issues': 10, u'open_issues': 0, u'id': 269499}, None, u'closed', [{'commenter': u'peggybustamante', 'comment_body': u"doesn't seem to be working on Beta", 'created_at': u'2013-02-18T19:40:47Z', 'comment_id': 13739114, 'updated_at': None}, {'commenter': u'tommeagher', 'comment_body': u'It appears to be working for me. http://tdbeta.digitalfirstmedia.com/oscars2013/#', 'created_at': u'2013-02-18T20:10:29Z', 'comment_id': 13740494, 'updated_at': None}, {'commenter': u'peggybustamante', 'comment_body': u"Yes, I just fixed it. It was a permissions error on the jquery.js file. I am not sure why it wasn't a problem last night.", 'created_at': u'2013-02-18T20:14:58Z', 'comment_id': 13740691, 'updated_at': None}], u'2013-02-18T20:10:29Z')
('DFMdata/oscarballot', 60, u'Fix the flickering of popovers', '', [u'bug'], u'2013-02-18T20:20:55Z', {u'description': '', u'title': u'Midweek iteration', u'url': u'https://api.github.com/repos/DFMdata/oscarballot/milestones/5', u'labels_url': u'https://api.github.com/repos/DFMdata/oscarballot/milestones/5/labels', u'created_at': u'2013-02-18T04:02:49Z', u'creator': {u'following_url': u'https://api.github.com/users/tommeagher/following{/other_user}', u'events_url': u'https://api.github.com/users/tommeagher/events{/privacy}', u'organizations_url': u'https://api.github.com/users/tommeagher/orgs', u'url': u'https://api.github.com/users/tommeagher', u'gists_url': u'https://api.github.com/users/tommeagher/gists{/gist_id}', u'html_url': u'https://github.com/tommeagher', u'subscriptions_url': u'https://api.github.com/users/tommeagher/subscriptions', u'avatar_url': u'https://secure.gravatar.com/avatar/f49ee94410e25430a43962cd23fb683b?d=https://a248.e.akamai.net/assets.github.com%2Fimages%2Fgravatars%2Fgravatar-user-420.png', u'repos_url': u'https://api.github.com/users/tommeagher/repos', u'received_events_url': u'https://api.github.com/users/tommeagher/received_events', u'gravatar_id': u'f49ee94410e25430a43962cd23fb683b', u'starred_url': u'https://api.github.com/users/tommeagher/starred{/owner}{/repo}', u'login': u'tommeagher', u'type': u'User', u'id': 713778, u'followers_url': u'https://api.github.com/users/tommeagher/followers'}, u'number': 5, u'updated_at': u'2013-05-16T17:28:28Z', u'due_on': u'2013-02-20T08:00:00Z', u'state': u'closed', u'closed_issues': 10, u'open_issues': 0, u'id': 269499}, None, u'closed', [{'commenter': u'tommeagher', 'comment_body': u'Does it fall off the bottom of the page now though? Does it work in an iframe?', 'created_at': u'2013-02-18T20:20:55Z', 'comment_id': 13740978, 'updated_at': None}], u'2013-02-18T19:37:53Z')
('DFMdata/oscarballot', 59, u'Style new "read more" link on nominees page', '', [], u'2013-02-17T18:28:07Z', {u'description': '', u'title': u'Midweek iteration', u'url': u'https://api.github.com/repos/DFMdata/oscarballot/milestones/5', u'labels_url': u'https://api.github.com/repos/DFMdata/oscarballot/milestones/5/labels', u'created_at': u'2013-02-18T04:02:49Z', u'creator': {u'following_url': u'https://api.github.com/users/tommeagher/following{/other_user}', u'events_url': u'https://api.github.com/users/tommeagher/events{/privacy}', u'organizations_url': u'https://api.github.com/users/tommeagher/orgs', u'url': u'https://api.github.com/users/tommeagher', u'gists_url': u'https://api.github.com/users/tommeagher/gists{/gist_id}', u'html_url': u'https://github.com/tommeagher', u'subscriptions_url': u'https://api.github.com/users/tommeagher/subscriptions', u'avatar_url': u'https://secure.gravatar.com/avatar/f49ee94410e25430a43962cd23fb683b?d=https://a248.e.akamai.net/assets.github.com%2Fimages%2Fgravatars%2Fgravatar-user-420.png', u'repos_url': u'https://api.github.com/users/tommeagher/repos', u'received_events_url': u'https://api.github.com/users/tommeagher/received_events', u'gravatar_id': u'f49ee94410e25430a43962cd23fb683b', u'starred_url': u'https://api.github.com/users/tommeagher/starred{/owner}{/repo}', u'login': u'tommeagher', u'type': u'User', u'id': 713778, u'followers_url': u'https://api.github.com/users/tommeagher/followers'}, u'number': 5, u'updated_at': u'2013-05-16T17:28:28Z', u'due_on': u'2013-02-20T08:00:00Z', u'state': u'closed', u'closed_issues': 10, u'open_issues': 0, u'id': 269499}, u'hsunelson', u'closed', [], u'2013-02-18T16:35:47Z')
('DFMdata/oscarballot', 58, u'move storylinks "read me" next to or below "vote" button', '', [], u'2013-02-17T18:09:20Z', None, None, u'closed', [], u'2013-02-17T18:27:31Z')
('DFMdata/oscarballot', 57, u'Change "Ballot home/all categories" button to "Home to all categories"', '', [u'task'], u'2013-02-17T13:21:37Z', None, u'peggybustamante', u'closed', [], u'2013-02-17T18:00:52Z')
('DFMdata/oscarballot', 56, u'Take "All categories" off the bottom of "Select a category" dropdown.', '', [u'task'], u'2013-02-17T18:02:06Z', None, u'peggybustamante', u'closed', [{'commenter': u'peggybustamante', 'comment_body': u'I thought we decided to have it in both places.', 'created_at': u'2013-02-17T17:34:47Z', 'comment_id': 13689600, 'updated_at': None}, {'commenter': u'tommeagher', 'comment_body': u'Why?\r\n\r\n\r\nOn Feb 17, 2013, at 12:34 PM, peggy bustamante <notifications@github.com> wrote:\r\n\r\n> I thought we decided to have it in both places.\r\n> \r\n> \u2014\r\n> Reply to this email directly or view it on GitHub.\r\n> ', 'created_at': u'2013-02-17T17:38:58Z', 'comment_id': 13689680, 'updated_at': None}, {'commenter': u'peggybustamante', 'comment_body': u"More options for user's to navigate through. I'm not advocating, that's just what I took away from that conversation between you and Laura.", 'created_at': u'2013-02-17T18:02:06Z', 'comment_id': 13690067, 'updated_at': None}], u'2013-02-17T18:02:17Z')
('DFMdata/oscarballot', 55, u'Put in real explainer text at top.', '', [u'task'], u'2013-02-17T17:38:38Z', None, u'peggybustamante', u'closed', [{'commenter': u'peggybustamante', 'comment_body': u'Have Laura or John sent this text?', 'created_at': u'2013-02-17T17:33:54Z', 'comment_id': 13689585, 'updated_at': None}, {'commenter': u'tommeagher', 'comment_body': u'No. Did you ask them for it? \r\n\r\nEmail John. \r\n\r\nOn Feb 17, 2013, at 12:33 PM, peggy bustamante <notifications@github.com> wrote:\r\n\r\n> Have Laura or John sent this text?\r\n> \r\n> \u2014\r\n> Reply to this email directly or view it on GitHub.\r\n> ', 'created_at': u'2013-02-17T17:38:38Z', 'comment_id': 13689674, 'updated_at': None}], u'2013-02-18T01:07:10Z')
('DFMdata/oscarballot', 54, u'Change name of dir from oscarballot/ to oscars2013/', '', [u'task'], u'2013-02-17T20:42:20Z', None, u'peggybustamante', u'closed', [{'commenter': u'peggybustamante', 'comment_body': u"This is done and promoted to beta, but the old oscarballot folder is still there and I can't delete it. Do I need to sudo in and if so, what is the pwd?", 'created_at': u'2013-02-17T18:06:27Z', 'comment_id': 13690155, 'updated_at': None}, {'commenter': u'tommeagher', 'comment_body': u"Reopen. \r\nShould be oscars2013/ \r\nPlural. \r\nAnd your password should work to sudo.\r\n\r\n\r\n\r\nOn Feb 17, 2013, at 1:06 PM, peggy bustamante <notifications@github.com> wrote:\r\n\r\n> This is done and promoted to beta, but the old oscarballot folder is still there and I can't delete it. Do I need to sudo in and if so, what is the pwd?\r\n> \r\n> \u2014\r\n> Reply to this email directly or view it on GitHub.\r\n> ", 'created_at': u'2013-02-17T18:09:07Z', 'comment_id': 13690210, 'updated_at': None}, {'commenter': u'peggybustamante', 'comment_body': u'This is fixed. Now plural.', 'created_at': u'2013-02-17T20:42:20Z', 'comment_id': 13694963, 'updated_at': None}], u'2013-02-17T18:06:39Z')
('DFMdata/oscarballot', 53, u'Add Google Analytics code', '', [u'task'], u'2013-02-16T20:41:29Z', {u'description': '', u'title': u'Full release', u'url': u'https://api.github.com/repos/DFMdata/oscarballot/milestones/4', u'labels_url': u'https://api.github.com/repos/DFMdata/oscarballot/milestones/4/labels', u'created_at': u'2013-02-04T15:38:39Z', u'creator': {u'following_url': u'https://api.github.com/users/tommeagher/following{/other_user}', u'events_url': u'https://api.github.com/users/tommeagher/events{/privacy}', u'organizations_url': u'https://api.github.com/users/tommeagher/orgs', u'url': u'https://api.github.com/users/tommeagher', u'gists_url': u'https://api.github.com/users/tommeagher/gists{/gist_id}', u'html_url': u'https://github.com/tommeagher', u'subscriptions_url': u'https://api.github.com/users/tommeagher/subscriptions', u'avatar_url': u'https://secure.gravatar.com/avatar/f49ee94410e25430a43962cd23fb683b?d=https://a248.e.akamai.net/assets.github.com%2Fimages%2Fgravatars%2Fgravatar-user-420.png', u'repos_url': u'https://api.github.com/users/tommeagher/repos', u'received_events_url': u'https://api.github.com/users/tommeagher/received_events', u'gravatar_id': u'f49ee94410e25430a43962cd23fb683b', u'starred_url': u'https://api.github.com/users/tommeagher/starred{/owner}{/repo}', u'login': u'tommeagher', u'type': u'User', u'id': 713778, u'followers_url': u'https://api.github.com/users/tommeagher/followers'}, u'number': 4, u'updated_at': u'2013-02-18T16:39:05Z', u'due_on': u'2013-02-15T08:00:00Z', u'state': u'closed', u'closed_issues': 6, u'open_issues': 0, u'id': 259485}, u'peggybustamante', u'closed', [], u'2013-02-17T18:06:44Z')
('DFMdata/oscarballot', 52, u'rework "print your selections" page so it is not selection is highlighted like in the results page. remove checkboxes.', u"This is to address Davis' issue #44. The way it is now looks like you can vote or change your vote from that page.", [u'question'], u'2013-02-15T22:15:01Z', None, u'hsunelson', u'closed', [], u'2013-02-17T03:04:44Z')
('DFMdata/oscarballot', 51, u'Add print function', '', [], u'2013-02-15T21:56:43Z', None, u'peggybustamante', u'closed', [], u'2013-02-15T21:56:51Z')
('DFMdata/oscarballot', 50, u'Thumbnail missing for Eiko Ishioka "Mirror Mirror" in Best Costume Design', u'Seeing a broken image in chrome.', [], u'2013-02-15T20:06:16Z', None, None, u'closed', [], u'2013-02-15T22:10:27Z')
('DFMdata/oscarballot', 49, u'add "home" button back to nav and have nav always there.', '', [], u'2013-02-15T19:41:32Z', None, u'peggybustamante', u'closed', [], u'2013-02-15T19:41:45Z')
('DFMdata/oscarballot', 48, u'Put "Ballot home/All categories" in main dropdown?', u'Just wondering if it might make more sense to have this in the dropdown -- maybe at the bottom -- rather than as a separate button.', [], u'2013-02-15T19:49:26Z', None, None, u'closed', [{'commenter': u'peggybustamante', 'comment_body': u'It is already in the dropdown, but we decided it was too confusion for the users, so now it is in both the button and at the bottom of the dropdown.', 'created_at': u'2013-02-15T19:43:59Z', 'comment_id': 13624344, 'updated_at': None}, {'commenter': u'vhagerty', 'comment_body': u"I don't see it in the dropdown. I see all the categories and I see a separate button. Am I missing something?", 'created_at': u'2013-02-15T19:45:44Z', 'comment_id': 13624440, 'updated_at': None}, {'commenter': u'vhagerty', 'comment_body': u"Never mind. I'm blind. I see it now.", 'created_at': u'2013-02-15T19:49:26Z', 'comment_id': 13624606, 'updated_at': None}], u'2013-02-15T20:07:53Z')
('DFMdata/oscarballot', 47, u"Dropdown doesn't work on ballot home in IE and Chrome for PC", u"Nothing happens when I use the dropdown on the home page to try to navigate to a category. Doesn't seem to generate an error, either. Seems to work on category pages.", [], u'2013-02-15T20:04:43Z', None, None, u'closed', [{'commenter': u'vhagerty', 'comment_body': u"Actually, what appears to be happening is that the page to which you're supposed to navigate is getting rendered at the bottom of the main page, below the main page content.", 'created_at': u'2013-02-15T20:04:43Z', 'comment_id': 13625350, 'updated_at': None}], u'2013-02-15T21:55:57Z')
('DFMdata/oscarballot', 46, u'test the page in an iframe', '', [], u'2013-02-15T22:20:11Z', {u'description': '', u'title': u'Full release', u'url': u'https://api.github.com/repos/DFMdata/oscarballot/milestones/4', u'labels_url': u'https://api.github.com/repos/DFMdata/oscarballot/milestones/4/labels', u'created_at': u'2013-02-04T15:38:39Z', u'creator': {u'following_url': u'https://api.github.com/users/tommeagher/following{/other_user}', u'events_url': u'https://api.github.com/users/tommeagher/events{/privacy}', u'organizations_url': u'https://api.github.com/users/tommeagher/orgs', u'url': u'https://api.github.com/users/tommeagher', u'gists_url': u'https://api.github.com/users/tommeagher/gists{/gist_id}', u'html_url': u'https://github.com/tommeagher', u'subscriptions_url': u'https://api.github.com/users/tommeagher/subscriptions', u'avatar_url': u'https://secure.gravatar.com/avatar/f49ee94410e25430a43962cd23fb683b?d=https://a248.e.akamai.net/assets.github.com%2Fimages%2Fgravatars%2Fgravatar-user-420.png', u'repos_url': u'https://api.github.com/users/tommeagher/repos', u'received_events_url': u'https://api.github.com/users/tommeagher/received_events', u'gravatar_id': u'f49ee94410e25430a43962cd23fb683b', u'starred_url': u'https://api.github.com/users/tommeagher/starred{/owner}{/repo}', u'login': u'tommeagher', u'type': u'User', u'id': 713778, u'followers_url': u'https://api.github.com/users/tommeagher/followers'}, u'number': 4, u'updated_at': u'2013-02-18T16:39:05Z', u'due_on': u'2013-02-15T08:00:00Z', u'state': u'closed', u'closed_issues': 6, u'open_issues': 0, u'id': 259485}, u'peggybustamante', u'closed', [{'commenter': u'tommeagher', 'comment_body': u'Depends on #41 ', 'created_at': u'2013-02-15T22:20:11Z', 'comment_id': 13631266, 'updated_at': None}], u'2013-02-18T01:43:54Z')
('DFMdata/oscarballot', 45, u"Background overlay on modals doesn't span screen on iPad", u'![photo](https://f.cloud.github.com/assets/1636964/161380/f51e1210-778c-11e2-9fdc-41ff6e11d575.PNG)\r\n', [], u'2013-05-16T17:28:27Z', {u'description': '', u'title': u'Midweek iteration', u'url': u'https://api.github.com/repos/DFMdata/oscarballot/milestones/5', u'labels_url': u'https://api.github.com/repos/DFMdata/oscarballot/milestones/5/labels', u'created_at': u'2013-02-18T04:02:49Z', u'creator': {u'following_url': u'https://api.github.com/users/tommeagher/following{/other_user}', u'events_url': u'https://api.github.com/users/tommeagher/events{/privacy}', u'organizations_url': u'https://api.github.com/users/tommeagher/orgs', u'url': u'https://api.github.com/users/tommeagher', u'gists_url': u'https://api.github.com/users/tommeagher/gists{/gist_id}', u'html_url': u'https://github.com/tommeagher', u'subscriptions_url': u'https://api.github.com/users/tommeagher/subscriptions', u'avatar_url': u'https://secure.gravatar.com/avatar/f49ee94410e25430a43962cd23fb683b?d=https://a248.e.akamai.net/assets.github.com%2Fimages%2Fgravatars%2Fgravatar-user-420.png', u'repos_url': u'https://api.github.com/users/tommeagher/repos', u'received_events_url': u'https://api.github.com/users/tommeagher/received_events', u'gravatar_id': u'f49ee94410e25430a43962cd23fb683b', u'starred_url': u'https://api.github.com/users/tommeagher/starred{/owner}{/repo}', u'login': u'tommeagher', u'type': u'User', u'id': 713778, u'followers_url': u'https://api.github.com/users/tommeagher/followers'}, u'number': 5, u'updated_at': u'2013-05-16T17:28:28Z', u'due_on': u'2013-02-20T08:00:00Z', u'state': u'closed', u'closed_issues': 10, u'open_issues': 0, u'id': 269499}, u'hsunelson', u'closed', [{'commenter': u'hsunelson', 'comment_body': u"I'll take a look", 'created_at': u'2013-02-15T16:35:08Z', 'comment_id': 13614985, 'updated_at': None}, {'commenter': u'tommeagher', 'comment_body': u'think fixed.', 'created_at': u'2013-05-16T17:28:27Z', 'comment_id': 18015991, 'updated_at': None}], u'2013-05-16T17:28:27Z')
('DFMdata/oscarballot', 44, u'Voting -- radio buttons or checkboxes?', u'Currently a user can vote for multiple choices within a category. Real world behavior would be that you can only have one vote though. Maybe the \'See your selections\' box could have radio buttons instead? Category voting might need to be reworked slightly too to reflect the "one vote only" idea.', [u'question'], u'2013-02-15T22:17:22Z', None, None, u'closed', [{'commenter': u'tommeagher', 'comment_body': u'Close by #52 ', 'created_at': u'2013-02-15T22:17:22Z', 'comment_id': 13631126, 'updated_at': None}], u'2013-02-15T22:17:22Z')
('DFMdata/oscarballot', 43, u"Denzel Washington's pic for John Gatins in Screenplay category", u"Not sure if we don't have Gatins' pic, but that sure looks like Denzel Washington.", [], u'2013-02-15T22:18:36Z', None, None, u'closed', [{'commenter': u'tommeagher', 'comment_body': u'Asking Kelly for help finding.', 'created_at': u'2013-02-15T22:18:36Z', 'comment_id': 13631186, 'updated_at': None}], u'2013-02-17T02:35:36Z')
('DFMdata/oscarballot', 42, u'Display issues with IE8 on Windows 7', u'Attached screenshots show how the app appears in IE8 on my PC laptop. Looks like maybe the width is being determined by the text width, maybe?\r\n![ie_on_pc](https://f.cloud.github.com/assets/2385539/161326/2e7906c0-778b-11e2-87db-fb2900a0b20b.png)\r\n![ie_on_pc_category](https://f.cloud.github.com/assets/2385539/161328/33c602b8-778b-11e2-80c6-547ea665e804.png)\r\n\r\n', [u'bug'], u'2013-02-15T16:29:07Z', None, u'peggybustamante', u'closed', [{'commenter': u'hsunelson', 'comment_body': u'Peggy, can you set the width of the boxes to 172px?  I think that should fix this issue.', 'created_at': u'2013-02-15T16:29:07Z', 'comment_id': 13614662, 'updated_at': None}], u'2013-02-15T19:39:21Z')
('DFMdata/oscarballot', 41, u'Fix tooltip/popover so it adjusts right/left and also can take HTML', '', [], u'2013-02-15T16:17:56Z', None, u'peggybustamante', u'closed', [{'commenter': u'peggybustamante', 'comment_body': u'I will replace Bootstrap code with handwritten', 'created_at': u'2013-02-15T16:17:56Z', 'comment_id': 13614061, 'updated_at': None}], u'2013-02-18T01:43:53Z')
('DFMdata/oscarballot', 40, u'Problems with content in mouseovers and chatter on category pages', u'Picture\r\nDjango unchained under "Picture" cuts off\r\nLes Mis\r\nLife of Pi\r\nLincoln\r\nSilver Linings Playbook\r\nZero Dark Thirty\r\n\r\n\r\nDirector\r\nMichael Haneke\r\nBenh Zeitlin\r\nAng Lee\r\n\r\nActor\r\nBradley Cooper\r\nDaniel Day-Lewis\r\nHugh Jackman\r\n\r\nActress\r\nQuvenzhan Wallis (her name and the mouseover. And the intro text to the category\r\nNaomi Watts, the double quotes are mangled.\r\n\r\nSupporting Actor\r\nAlan Arkin\r\nDe Niro single quotes\r\nPhillip Seymour Hoffman\r\nChristoph Waltz\r\n\r\n\r\nSupporting Actress\r\nAmy Adams\r\nSally Field\r\nJackie Weaver\r\n\r\nAnimated Feature\r\nAll but "Frankenweenie" have problems\r\n\r\n\r\n\r\nCinematography\r\nPhoto for Anna Karenina isn\'t working\r\nProblems in all mouseovers\r\n\r\nDocumentary\r\n5 Broken Cameras (first letter missing), bad single quote and cut off at end.\r\nGatekeepers, single quotes\r\nhow to survive a plague\r\nSearching for Sugar Man\r\n\r\nSong \r\nAll except for "Before My Time" have problems\r\n\r\nScreenplay\r\nAll have problems\r\n\r\n\r\nCostume design\r\nmissing photos for Jacqueline Durran and Eiko Ishioka\r\nproblems with mouseovers for all but Jacqueline Durran', [u'bug'], u'2013-02-14T20:18:11Z', {u'description': '', u'title': u'First iteration to test', u'url': u'https://api.github.com/repos/DFMdata/oscarballot/milestones/3', u'labels_url': u'https://api.github.com/repos/DFMdata/oscarballot/milestones/3/labels', u'created_at': u'2013-02-04T15:37:19Z', u'creator': {u'following_url': u'https://api.github.com/users/tommeagher/following{/other_user}', u'events_url': u'https://api.github.com/users/tommeagher/events{/privacy}', u'organizations_url': u'https://api.github.com/users/tommeagher/orgs', u'url': u'https://api.github.com/users/tommeagher', u'gists_url': u'https://api.github.com/users/tommeagher/gists{/gist_id}', u'html_url': u'https://github.com/tommeagher', u'subscriptions_url': u'https://api.github.com/users/tommeagher/subscriptions', u'avatar_url': u'https://secure.gravatar.com/avatar/f49ee94410e25430a43962cd23fb683b?d=https://a248.e.akamai.net/assets.github.com%2Fimages%2Fgravatars%2Fgravatar-user-420.png', u'repos_url': u'https://api.github.com/users/tommeagher/repos', u'received_events_url': u'https://api.github.com/users/tommeagher/received_events', u'gravatar_id': u'f49ee94410e25430a43962cd23fb683b', u'starred_url': u'https://api.github.com/users/tommeagher/starred{/owner}{/repo}', u'login': u'tommeagher', u'type': u'User', u'id': 713778, u'followers_url': u'https://api.github.com/users/tommeagher/followers'}, u'number': 3, u'updated_at': u'2013-02-15T16:10:07Z', u'due_on': u'2013-02-14T08:00:00Z', u'state': u'closed', u'closed_issues': 18, u'open_issues': 0, u'id': 259484}, u'peggybustamante', u'closed', [], u'2013-02-15T02:37:26Z')
('DFMdata/oscarballot', 39, u'Thumbnail photos need reviewing: tighter crop and also pics from movies instead of people lined up', '', [u'enhancement', u'wontfix'], u'2013-02-18T04:03:46Z', None, None, u'closed', [{'commenter': u'tommeagher', 'comment_body': u'Next time.', 'created_at': u'2013-02-18T04:03:46Z', 'comment_id': 13705741, 'updated_at': None}], u'2013-02-18T04:03:46Z')
('DFMdata/oscarballot', 38, u'Fix the accented e in Quvenzhan\ufffd name', '', [], u'2013-02-14T16:36:10Z', None, u'peggybustamante', u'closed', [], u'2013-02-15T02:37:32Z')
('DFMdata/oscarballot', 37, u'Images for index page', '', [], u'2013-02-14T16:33:37Z', None, u'hsunelson', u'closed', [], u'2013-02-14T21:11:06Z')
('DFMdata/oscarballot', 36, u'Adjust min height of boxes', '', [], u'2013-02-14T01:03:42Z', None, u'hsunelson', u'closed', [], u'2013-02-14T15:39:32Z')
('DFMdata/oscarballot', 35, u"Style 'see your selections' section", u'Make scrollable modal window?', [], u'2013-02-14T01:01:05Z', None, u'hsunelson', u'closed', [], u'2013-02-14T21:11:19Z')
('DFMdata/oscarballot', 34, u'Add title to modal results window', '', [], u'2013-02-14T00:59:48Z', None, u'peggybustamante', u'closed', [], u'2013-02-14T21:11:13Z')
('DFMdata/oscarballot', 33, u'Nav fixes', u'1. Take out All and Next buttons and swap with dropdown menu (Nelson)\r\n2. Make drop down menu work (Peggy)', [], u'2013-02-14T00:58:41Z', None, u'peggybustamante', u'closed', [], u'2013-02-15T02:37:38Z')
('DFMdata/oscarballot', 32, u'If no first or last name', u'Show movie name in the bolder style that first and last names are in.', [], u'2013-02-13T23:21:31Z', None, u'peggybustamante', u'closed', [], u'2013-02-14T21:11:48Z')
('DFMdata/oscarballot', 31, u'add code to make images/thumbnails show up instead of placeholder', '', [], u'2013-02-13T23:17:38Z', None, u'peggybustamante', u'closed', [], u'2013-02-14T16:36:32Z')
('DFMdata/oscarballot', 30, u'upload images to dev server', '', [], u'2013-02-13T23:17:02Z', None, u'peggybustamante', u'closed', [], u'2013-02-13T23:18:03Z')
('DFMdata/oscarballot', 29, u'Upload final updated google spreadsheet data', '', [], u'2013-02-13T23:16:29Z', None, u'peggybustamante', u'closed', [], u'2013-02-14T00:06:21Z')
('DFMdata/oscarballot', 28, u'What about Akamai/caching', u"I've been in touch with Jeff Howell, but we need a working app before we can get him on the case.", [u'task'], u'2013-02-15T21:01:34Z', {u'description': '', u'title': u'Full release', u'url': u'https://api.github.com/repos/DFMdata/oscarballot/milestones/4', u'labels_url': u'https://api.github.com/repos/DFMdata/oscarballot/milestones/4/labels', u'created_at': u'2013-02-04T15:38:39Z', u'creator': {u'following_url': u'https://api.github.com/users/tommeagher/following{/other_user}', u'events_url': u'https://api.github.com/users/tommeagher/events{/privacy}', u'organizations_url': u'https://api.github.com/users/tommeagher/orgs', u'url': u'https://api.github.com/users/tommeagher', u'gists_url': u'https://api.github.com/users/tommeagher/gists{/gist_id}', u'html_url': u'https://github.com/tommeagher', u'subscriptions_url': u'https://api.github.com/users/tommeagher/subscriptions', u'avatar_url': u'https://secure.gravatar.com/avatar/f49ee94410e25430a43962cd23fb683b?d=https://a248.e.akamai.net/assets.github.com%2Fimages%2Fgravatars%2Fgravatar-user-420.png', u'repos_url': u'https://api.github.com/users/tommeagher/repos', u'received_events_url': u'https://api.github.com/users/tommeagher/received_events', u'gravatar_id': u'f49ee94410e25430a43962cd23fb683b', u'starred_url': u'https://api.github.com/users/tommeagher/starred{/owner}{/repo}', u'login': u'tommeagher', u'type': u'User', u'id': 713778, u'followers_url': u'https://api.github.com/users/tommeagher/followers'}, u'number': 4, u'updated_at': u'2013-02-18T16:39:05Z', u'due_on': u'2013-02-15T08:00:00Z', u'state': u'closed', u'closed_issues': 6, u'open_issues': 0, u'id': 259485}, u'tommeagher', u'closed', [{'commenter': u'tommeagher', 'comment_body': u"Jeff is looking at the app. He has some basic caching set up, but Akamai won't be ready for some time. This should be fine for this release though, Vaughn believes, and I'd agree.", 'created_at': u'2013-02-15T21:01:34Z', 'comment_id': 13627808, 'updated_at': None}], u'2013-02-15T21:01:34Z')
('DFMdata/oscarballot', 27, u'TownNews/Saxo?', u"I'll ask Alan, once we have a full beta version ready to show.", [u'question', u'wontfix', u'task'], u'2013-02-16T20:42:03Z', {u'description': '', u'title': u'Full release', u'url': u'https://api.github.com/repos/DFMdata/oscarballot/milestones/4', u'labels_url': u'https://api.github.com/repos/DFMdata/oscarballot/milestones/4/labels', u'created_at': u'2013-02-04T15:38:39Z', u'creator': {u'following_url': u'https://api.github.com/users/tommeagher/following{/other_user}', u'events_url': u'https://api.github.com/users/tommeagher/events{/privacy}', u'organizations_url': u'https://api.github.com/users/tommeagher/orgs', u'url': u'https://api.github.com/users/tommeagher', u'gists_url': u'https://api.github.com/users/tommeagher/gists{/gist_id}', u'html_url': u'https://github.com/tommeagher', u'subscriptions_url': u'https://api.github.com/users/tommeagher/subscriptions', u'avatar_url': u'https://secure.gravatar.com/avatar/f49ee94410e25430a43962cd23fb683b?d=https://a248.e.akamai.net/assets.github.com%2Fimages%2Fgravatars%2Fgravatar-user-420.png', u'repos_url': u'https://api.github.com/users/tommeagher/repos', u'received_events_url': u'https://api.github.com/users/tommeagher/received_events', u'gravatar_id': u'f49ee94410e25430a43962cd23fb683b', u'starred_url': u'https://api.github.com/users/tommeagher/starred{/owner}{/repo}', u'login': u'tommeagher', u'type': u'User', u'id': 713778, u'followers_url': u'https://api.github.com/users/tommeagher/followers'}, u'number': 4, u'updated_at': u'2013-02-18T16:39:05Z', u'due_on': u'2013-02-15T08:00:00Z', u'state': u'closed', u'closed_issues': 6, u'open_issues': 0, u'id': 259485}, u'tommeagher', u'closed', [{'commenter': u'tommeagher', 'comment_body': u'For now, an iframe and a prayer. ', 'created_at': u'2013-02-16T20:42:03Z', 'comment_id': 13674487, 'updated_at': None}], u'2013-02-16T20:42:47Z')
('DFMdata/oscarballot', 26, u'How do we get this into NGPS? ', u"I still don't understand that system.", [u'question'], u'2013-02-13T02:33:05Z', {u'description': '', u'title': u'Full release', u'url': u'https://api.github.com/repos/DFMdata/oscarballot/milestones/4', u'labels_url': u'https://api.github.com/repos/DFMdata/oscarballot/milestones/4/labels', u'created_at': u'2013-02-04T15:38:39Z', u'creator': {u'following_url': u'https://api.github.com/users/tommeagher/following{/other_user}', u'events_url': u'https://api.github.com/users/tommeagher/events{/privacy}', u'organizations_url': u'https://api.github.com/users/tommeagher/orgs', u'url': u'https://api.github.com/users/tommeagher', u'gists_url': u'https://api.github.com/users/tommeagher/gists{/gist_id}', u'html_url': u'https://github.com/tommeagher', u'subscriptions_url': u'https://api.github.com/users/tommeagher/subscriptions', u'avatar_url': u'https://secure.gravatar.com/avatar/f49ee94410e25430a43962cd23fb683b?d=https://a248.e.akamai.net/assets.github.com%2Fimages%2Fgravatars%2Fgravatar-user-420.png', u'repos_url': u'https://api.github.com/users/tommeagher/repos', u'received_events_url': u'https://api.github.com/users/tommeagher/received_events', u'gravatar_id': u'f49ee94410e25430a43962cd23fb683b', u'starred_url': u'https://api.github.com/users/tommeagher/starred{/owner}{/repo}', u'login': u'tommeagher', u'type': u'User', u'id': 713778, u'followers_url': u'https://api.github.com/users/tommeagher/followers'}, u'number': 4, u'updated_at': u'2013-02-18T16:39:05Z', u'due_on': u'2013-02-15T08:00:00Z', u'state': u'closed', u'closed_issues': 6, u'open_issues': 0, u'id': 259485}, u'hsunelson', u'closed', [], u'2013-02-18T14:04:27Z')
('DFMdata/oscarballot', 25, u'Song titles too wide', u'The nominees need to wrap if wider than the photo.', [u'bug'], u'2013-02-13T02:32:42Z', {u'description': '', u'title': u'First iteration to test', u'url': u'https://api.github.com/repos/DFMdata/oscarballot/milestones/3', u'labels_url': u'https://api.github.com/repos/DFMdata/oscarballot/milestones/3/labels', u'created_at': u'2013-02-04T15:37:19Z', u'creator': {u'following_url': u'https://api.github.com/users/tommeagher/following{/other_user}', u'events_url': u'https://api.github.com/users/tommeagher/events{/privacy}', u'organizations_url': u'https://api.github.com/users/tommeagher/orgs', u'url': u'https://api.github.com/users/tommeagher', u'gists_url': u'https://api.github.com/users/tommeagher/gists{/gist_id}', u'html_url': u'https://github.com/tommeagher', u'subscriptions_url': u'https://api.github.com/users/tommeagher/subscriptions', u'avatar_url': u'https://secure.gravatar.com/avatar/f49ee94410e25430a43962cd23fb683b?d=https://a248.e.akamai.net/assets.github.com%2Fimages%2Fgravatars%2Fgravatar-user-420.png', u'repos_url': u'https://api.github.com/users/tommeagher/repos', u'received_events_url': u'https://api.github.com/users/tommeagher/received_events', u'gravatar_id': u'f49ee94410e25430a43962cd23fb683b', u'starred_url': u'https://api.github.com/users/tommeagher/starred{/owner}{/repo}', u'login': u'tommeagher', u'type': u'User', u'id': 713778, u'followers_url': u'https://api.github.com/users/tommeagher/followers'}, u'number': 3, u'updated_at': u'2013-02-15T16:10:07Z', u'due_on': u'2013-02-14T08:00:00Z', u'state': u'closed', u'closed_issues': 18, u'open_issues': 0, u'id': 259484}, u'peggybustamante', u'closed', [], u'2013-02-14T21:12:33Z')
('DFMdata/oscarballot', 24, u'the vote button', u'Could it move up, on the same row (to the right) as the name of the nominee?', [u'question'], u'2013-02-14T01:05:51Z', {u'description': '', u'title': u'First iteration to test', u'url': u'https://api.github.com/repos/DFMdata/oscarballot/milestones/3', u'labels_url': u'https://api.github.com/repos/DFMdata/oscarballot/milestones/3/labels', u'created_at': u'2013-02-04T15:37:19Z', u'creator': {u'following_url': u'https://api.github.com/users/tommeagher/following{/other_user}', u'events_url': u'https://api.github.com/users/tommeagher/events{/privacy}', u'organizations_url': u'https://api.github.com/users/tommeagher/orgs', u'url': u'https://api.github.com/users/tommeagher', u'gists_url': u'https://api.github.com/users/tommeagher/gists{/gist_id}', u'html_url': u'https://github.com/tommeagher', u'subscriptions_url': u'https://api.github.com/users/tommeagher/subscriptions', u'avatar_url': u'https://secure.gravatar.com/avatar/f49ee94410e25430a43962cd23fb683b?d=https://a248.e.akamai.net/assets.github.com%2Fimages%2Fgravatars%2Fgravatar-user-420.png', u'repos_url': u'https://api.github.com/users/tommeagher/repos', u'received_events_url': u'https://api.github.com/users/tommeagher/received_events', u'gravatar_id': u'f49ee94410e25430a43962cd23fb683b', u'starred_url': u'https://api.github.com/users/tommeagher/starred{/owner}{/repo}', u'login': u'tommeagher', u'type': u'User', u'id': 713778, u'followers_url': u'https://api.github.com/users/tommeagher/followers'}, u'number': 3, u'updated_at': u'2013-02-15T16:10:07Z', u'due_on': u'2013-02-14T08:00:00Z', u'state': u'closed', u'closed_issues': 18, u'open_issues': 0, u'id': 259484}, u'hsunelson', u'closed', [{'commenter': u'hsunelson', 'comment_body': u"Some names span the entire box.  I think it's best to leave it where it is right now.", 'created_at': u'2013-02-14T01:04:42Z', 'comment_id': 13527979, 'updated_at': None}, {'commenter': u'tommeagher', 'comment_body': u"Fine. Close this issue then. Was just asking the question.\r\n\r\nwww.tommeagher.com // twitter @ultracasual // 347.328.9265\r\n\r\n\r\n\r\n\r\nOn Wed, Feb 13, 2013 at 8:04 PM, Nelson Hsu <notifications@github.com>wrote:\r\n\r\n> Some names span the entire box. I think it's best to leave it where it is\r\n> right now.\r\n>\r\n> \u2014\r\n> Reply to this email directly or view it on GitHub<https://github.com/DFMdata/oscarballot/issues/24#issuecomment-13527979>.\r\n>\r\n>", 'created_at': u'2013-02-14T01:05:51Z', 'comment_id': 13528023, 'updated_at': None}], u'2013-02-14T01:06:24Z')
('DFMdata/oscarballot', 23, u'get real photos and real text in the app', u'86 the boxer and the lorem ipsum', [u'task'], u'2013-02-13T02:31:44Z', {u'description': '', u'title': u'First iteration to test', u'url': u'https://api.github.com/repos/DFMdata/oscarballot/milestones/3', u'labels_url': u'https://api.github.com/repos/DFMdata/oscarballot/milestones/3/labels', u'created_at': u'2013-02-04T15:37:19Z', u'creator': {u'following_url': u'https://api.github.com/users/tommeagher/following{/other_user}', u'events_url': u'https://api.github.com/users/tommeagher/events{/privacy}', u'organizations_url': u'https://api.github.com/users/tommeagher/orgs', u'url': u'https://api.github.com/users/tommeagher', u'gists_url': u'https://api.github.com/users/tommeagher/gists{/gist_id}', u'html_url': u'https://github.com/tommeagher', u'subscriptions_url': u'https://api.github.com/users/tommeagher/subscriptions', u'avatar_url': u'https://secure.gravatar.com/avatar/f49ee94410e25430a43962cd23fb683b?d=https://a248.e.akamai.net/assets.github.com%2Fimages%2Fgravatars%2Fgravatar-user-420.png', u'repos_url': u'https://api.github.com/users/tommeagher/repos', u'received_events_url': u'https://api.github.com/users/tommeagher/received_events', u'gravatar_id': u'f49ee94410e25430a43962cd23fb683b', u'starred_url': u'https://api.github.com/users/tommeagher/starred{/owner}{/repo}', u'login': u'tommeagher', u'type': u'User', u'id': 713778, u'followers_url': u'https://api.github.com/users/tommeagher/followers'}, u'number': 3, u'updated_at': u'2013-02-15T16:10:07Z', u'due_on': u'2013-02-14T08:00:00Z', u'state': u'closed', u'closed_issues': 18, u'open_issues': 0, u'id': 259484}, u'peggybustamante', u'closed', [], u'2013-02-15T02:37:46Z')
('DFMdata/oscarballot', 22, u"Critic's pick", u'Move it to the categories page, just above "last year\'s winner" and in lieu of "description"?\r\nWhere are we drawing that content from?\r\n', [u'question', u'task'], u'2013-02-13T02:31:22Z', {u'description': '', u'title': u'First iteration to test', u'url': u'https://api.github.com/repos/DFMdata/oscarballot/milestones/3', u'labels_url': u'https://api.github.com/repos/DFMdata/oscarballot/milestones/3/labels', u'created_at': u'2013-02-04T15:37:19Z', u'creator': {u'following_url': u'https://api.github.com/users/tommeagher/following{/other_user}', u'events_url': u'https://api.github.com/users/tommeagher/events{/privacy}', u'organizations_url': u'https://api.github.com/users/tommeagher/orgs', u'url': u'https://api.github.com/users/tommeagher', u'gists_url': u'https://api.github.com/users/tommeagher/gists{/gist_id}', u'html_url': u'https://github.com/tommeagher', u'subscriptions_url': u'https://api.github.com/users/tommeagher/subscriptions', u'avatar_url': u'https://secure.gravatar.com/avatar/f49ee94410e25430a43962cd23fb683b?d=https://a248.e.akamai.net/assets.github.com%2Fimages%2Fgravatars%2Fgravatar-user-420.png', u'repos_url': u'https://api.github.com/users/tommeagher/repos', u'received_events_url': u'https://api.github.com/users/tommeagher/received_events', u'gravatar_id': u'f49ee94410e25430a43962cd23fb683b', u'starred_url': u'https://api.github.com/users/tommeagher/starred{/owner}{/repo}', u'login': u'tommeagher', u'type': u'User', u'id': 713778, u'followers_url': u'https://api.github.com/users/tommeagher/followers'}, u'number': 3, u'updated_at': u'2013-02-15T16:10:07Z', u'due_on': u'2013-02-14T08:00:00Z', u'state': u'closed', u'closed_issues': 18, u'open_issues': 0, u'id': 259484}, u'peggybustamante', u'closed', [], u'2013-02-15T02:37:51Z')
('DFMdata/oscarballot', 21, u'Nelson has to sign off on the design', '', [u'task'], u'2013-02-13T02:30:41Z', {u'description': '', u'title': u'First iteration to test', u'url': u'https://api.github.com/repos/DFMdata/oscarballot/milestones/3', u'labels_url': u'https://api.github.com/repos/DFMdata/oscarballot/milestones/3/labels', u'created_at': u'2013-02-04T15:37:19Z', u'creator': {u'following_url': u'https://api.github.com/users/tommeagher/following{/other_user}', u'events_url': u'https://api.github.com/users/tommeagher/events{/privacy}', u'organizations_url': u'https://api.github.com/users/tommeagher/orgs', u'url': u'https://api.github.com/users/tommeagher', u'gists_url': u'https://api.github.com/users/tommeagher/gists{/gist_id}', u'html_url': u'https://github.com/tommeagher', u'subscriptions_url': u'https://api.github.com/users/tommeagher/subscriptions', u'avatar_url': u'https://secure.gravatar.com/avatar/f49ee94410e25430a43962cd23fb683b?d=https://a248.e.akamai.net/assets.github.com%2Fimages%2Fgravatars%2Fgravatar-user-420.png', u'repos_url': u'https://api.github.com/users/tommeagher/repos', u'received_events_url': u'https://api.github.com/users/tommeagher/received_events', u'gravatar_id': u'f49ee94410e25430a43962cd23fb683b', u'starred_url': u'https://api.github.com/users/tommeagher/starred{/owner}{/repo}', u'login': u'tommeagher', u'type': u'User', u'id': 713778, u'followers_url': u'https://api.github.com/users/tommeagher/followers'}, u'number': 3, u'updated_at': u'2013-02-15T16:10:07Z', u'due_on': u'2013-02-14T08:00:00Z', u'state': u'closed', u'closed_issues': 18, u'open_issues': 0, u'id': 259484}, u'hsunelson', u'closed', [], u'2013-02-15T02:37:55Z')
('DFMdata/oscarballot', 20, u'Width', u'In the interest of getting this app out before the Oscars, we need to slim it down to fit the article well. Can we make it fit the 625 px well? (I think we can).', [u'task'], u'2013-02-13T02:30:15Z', {u'description': '', u'title': u'First iteration to test', u'url': u'https://api.github.com/repos/DFMdata/oscarballot/milestones/3', u'labels_url': u'https://api.github.com/repos/DFMdata/oscarballot/milestones/3/labels', u'created_at': u'2013-02-04T15:37:19Z', u'creator': {u'following_url': u'https://api.github.com/users/tommeagher/following{/other_user}', u'events_url': u'https://api.github.com/users/tommeagher/events{/privacy}', u'organizations_url': u'https://api.github.com/users/tommeagher/orgs', u'url': u'https://api.github.com/users/tommeagher', u'gists_url': u'https://api.github.com/users/tommeagher/gists{/gist_id}', u'html_url': u'https://github.com/tommeagher', u'subscriptions_url': u'https://api.github.com/users/tommeagher/subscriptions', u'avatar_url': u'https://secure.gravatar.com/avatar/f49ee94410e25430a43962cd23fb683b?d=https://a248.e.akamai.net/assets.github.com%2Fimages%2Fgravatars%2Fgravatar-user-420.png', u'repos_url': u'https://api.github.com/users/tommeagher/repos', u'received_events_url': u'https://api.github.com/users/tommeagher/received_events', u'gravatar_id': u'f49ee94410e25430a43962cd23fb683b', u'starred_url': u'https://api.github.com/users/tommeagher/starred{/owner}{/repo}', u'login': u'tommeagher', u'type': u'User', u'id': 713778, u'followers_url': u'https://api.github.com/users/tommeagher/followers'}, u'number': 3, u'updated_at': u'2013-02-15T16:10:07Z', u'due_on': u'2013-02-14T08:00:00Z', u'state': u'closed', u'closed_issues': 18, u'open_issues': 0, u'id': 259484}, u'hsunelson', u'closed', [], u'2013-02-15T02:38:09Z')
('DFMdata/oscarballot', 19, u'Fix the problem with "See Your Selections"', u"Right now, it's only sporadically displaying my picks.", [], u'2013-02-13T02:29:07Z', {u'description': '', u'title': u'First iteration to test', u'url': u'https://api.github.com/repos/DFMdata/oscarballot/milestones/3', u'labels_url': u'https://api.github.com/repos/DFMdata/oscarballot/milestones/3/labels', u'created_at': u'2013-02-04T15:37:19Z', u'creator': {u'following_url': u'https://api.github.com/users/tommeagher/following{/other_user}', u'events_url': u'https://api.github.com/users/tommeagher/events{/privacy}', u'organizations_url': u'https://api.github.com/users/tommeagher/orgs', u'url': u'https://api.github.com/users/tommeagher', u'gists_url': u'https://api.github.com/users/tommeagher/gists{/gist_id}', u'html_url': u'https://github.com/tommeagher', u'subscriptions_url': u'https://api.github.com/users/tommeagher/subscriptions', u'avatar_url': u'https://secure.gravatar.com/avatar/f49ee94410e25430a43962cd23fb683b?d=https://a248.e.akamai.net/assets.github.com%2Fimages%2Fgravatars%2Fgravatar-user-420.png', u'repos_url': u'https://api.github.com/users/tommeagher/repos', u'received_events_url': u'https://api.github.com/users/tommeagher/received_events', u'gravatar_id': u'f49ee94410e25430a43962cd23fb683b', u'starred_url': u'https://api.github.com/users/tommeagher/starred{/owner}{/repo}', u'login': u'tommeagher', u'type': u'User', u'id': 713778, u'followers_url': u'https://api.github.com/users/tommeagher/followers'}, u'number': 3, u'updated_at': u'2013-02-15T16:10:07Z', u'due_on': u'2013-02-14T08:00:00Z', u'state': u'closed', u'closed_issues': 18, u'open_issues': 0, u'id': 259484}, None, u'closed', [], u'2013-02-15T02:38:20Z')
('DFMdata/oscarballot', 18, u"Get the .active class to work on results page to highlight user's selection", '', [], u'2013-02-12T19:50:45Z', {u'description': '', u'title': u'First iteration to test', u'url': u'https://api.github.com/repos/DFMdata/oscarballot/milestones/3', u'labels_url': u'https://api.github.com/repos/DFMdata/oscarballot/milestones/3/labels', u'created_at': u'2013-02-04T15:37:19Z', u'creator': {u'following_url': u'https://api.github.com/users/tommeagher/following{/other_user}', u'events_url': u'https://api.github.com/users/tommeagher/events{/privacy}', u'organizations_url': u'https://api.github.com/users/tommeagher/orgs', u'url': u'https://api.github.com/users/tommeagher', u'gists_url': u'https://api.github.com/users/tommeagher/gists{/gist_id}', u'html_url': u'https://github.com/tommeagher', u'subscriptions_url': u'https://api.github.com/users/tommeagher/subscriptions', u'avatar_url': u'https://secure.gravatar.com/avatar/f49ee94410e25430a43962cd23fb683b?d=https://a248.e.akamai.net/assets.github.com%2Fimages%2Fgravatars%2Fgravatar-user-420.png', u'repos_url': u'https://api.github.com/users/tommeagher/repos', u'received_events_url': u'https://api.github.com/users/tommeagher/received_events', u'gravatar_id': u'f49ee94410e25430a43962cd23fb683b', u'starred_url': u'https://api.github.com/users/tommeagher/starred{/owner}{/repo}', u'login': u'tommeagher', u'type': u'User', u'id': 713778, u'followers_url': u'https://api.github.com/users/tommeagher/followers'}, u'number': 3, u'updated_at': u'2013-02-15T16:10:07Z', u'due_on': u'2013-02-14T08:00:00Z', u'state': u'closed', u'closed_issues': 18, u'open_issues': 0, u'id': 259484}, None, u'closed', [], u'2013-02-14T00:24:00Z')
('DFMdata/oscarballot', 17, u'port updated/complete data from google spreadsheet', '', [], u'2013-02-11T23:44:35Z', {u'description': '', u'title': u'First iteration to test', u'url': u'https://api.github.com/repos/DFMdata/oscarballot/milestones/3', u'labels_url': u'https://api.github.com/repos/DFMdata/oscarballot/milestones/3/labels', u'created_at': u'2013-02-04T15:37:19Z', u'creator': {u'following_url': u'https://api.github.com/users/tommeagher/following{/other_user}', u'events_url': u'https://api.github.com/users/tommeagher/events{/privacy}', u'organizations_url': u'https://api.github.com/users/tommeagher/orgs', u'url': u'https://api.github.com/users/tommeagher', u'gists_url': u'https://api.github.com/users/tommeagher/gists{/gist_id}', u'html_url': u'https://github.com/tommeagher', u'subscriptions_url': u'https://api.github.com/users/tommeagher/subscriptions', u'avatar_url': u'https://secure.gravatar.com/avatar/f49ee94410e25430a43962cd23fb683b?d=https://a248.e.akamai.net/assets.github.com%2Fimages%2Fgravatars%2Fgravatar-user-420.png', u'repos_url': u'https://api.github.com/users/tommeagher/repos', u'received_events_url': u'https://api.github.com/users/tommeagher/received_events', u'gravatar_id': u'f49ee94410e25430a43962cd23fb683b', u'starred_url': u'https://api.github.com/users/tommeagher/starred{/owner}{/repo}', u'login': u'tommeagher', u'type': u'User', u'id': 713778, u'followers_url': u'https://api.github.com/users/tommeagher/followers'}, u'number': 3, u'updated_at': u'2013-02-15T16:10:07Z', u'due_on': u'2013-02-14T08:00:00Z', u'state': u'closed', u'closed_issues': 18, u'open_issues': 0, u'id': 259484}, u'peggybustamante', u'closed', [], u'2013-02-14T00:06:40Z')
('DFMdata/oscarballot', 16, u'remove quote marks from movie titles in google spreadsheet / database', u'Besides that it limits styling, it also is causing some coding issues.', [], u'2013-02-11T18:32:19Z', None, None, u'closed', [], u'2013-02-14T00:07:18Z')
('DFMdata/oscarballot', 15, u'Crop photos [two sizes]', u'Can we get intern Patrick to do this?', [], u'2013-02-14T01:05:30Z', {u'description': '', u'title': u'First iteration to test', u'url': u'https://api.github.com/repos/DFMdata/oscarballot/milestones/3', u'labels_url': u'https://api.github.com/repos/DFMdata/oscarballot/milestones/3/labels', u'created_at': u'2013-02-04T15:37:19Z', u'creator': {u'following_url': u'https://api.github.com/users/tommeagher/following{/other_user}', u'events_url': u'https://api.github.com/users/tommeagher/events{/privacy}', u'organizations_url': u'https://api.github.com/users/tommeagher/orgs', u'url': u'https://api.github.com/users/tommeagher', u'gists_url': u'https://api.github.com/users/tommeagher/gists{/gist_id}', u'html_url': u'https://github.com/tommeagher', u'subscriptions_url': u'https://api.github.com/users/tommeagher/subscriptions', u'avatar_url': u'https://secure.gravatar.com/avatar/f49ee94410e25430a43962cd23fb683b?d=https://a248.e.akamai.net/assets.github.com%2Fimages%2Fgravatars%2Fgravatar-user-420.png', u'repos_url': u'https://api.github.com/users/tommeagher/repos', u'received_events_url': u'https://api.github.com/users/tommeagher/received_events', u'gravatar_id': u'f49ee94410e25430a43962cd23fb683b', u'starred_url': u'https://api.github.com/users/tommeagher/starred{/owner}{/repo}', u'login': u'tommeagher', u'type': u'User', u'id': 713778, u'followers_url': u'https://api.github.com/users/tommeagher/followers'}, u'number': 3, u'updated_at': u'2013-02-15T16:10:07Z', u'due_on': u'2013-02-14T08:00:00Z', u'state': u'closed', u'closed_issues': 18, u'open_issues': 0, u'id': 259484}, u'Srol', u'closed', [{'commenter': u'hsunelson', 'comment_body': u'No need for 2 anymore.  Only using one size.', 'created_at': u'2013-02-14T01:05:30Z', 'comment_id': 13528003, 'updated_at': None}], u'2013-02-14T01:05:30Z')
('DFMdata/oscarballot', 14, u'Build "print" page', '', [], u'2013-02-11T16:01:21Z', None, u'peggybustamante', u'closed', [], u'2013-02-11T22:02:51Z')
('DFMdata/oscarballot', 13, u'Build "compare" page', '', [u'enhancement'], u'2013-02-18T21:24:09Z', {u'description': '', u'title': u'Midweek iteration', u'url': u'https://api.github.com/repos/DFMdata/oscarballot/milestones/5', u'labels_url': u'https://api.github.com/repos/DFMdata/oscarballot/milestones/5/labels', u'created_at': u'2013-02-18T04:02:49Z', u'creator': {u'following_url': u'https://api.github.com/users/tommeagher/following{/other_user}', u'events_url': u'https://api.github.com/users/tommeagher/events{/privacy}', u'organizations_url': u'https://api.github.com/users/tommeagher/orgs', u'url': u'https://api.github.com/users/tommeagher', u'gists_url': u'https://api.github.com/users/tommeagher/gists{/gist_id}', u'html_url': u'https://github.com/tommeagher', u'subscriptions_url': u'https://api.github.com/users/tommeagher/subscriptions', u'avatar_url': u'https://secure.gravatar.com/avatar/f49ee94410e25430a43962cd23fb683b?d=https://a248.e.akamai.net/assets.github.com%2Fimages%2Fgravatars%2Fgravatar-user-420.png', u'repos_url': u'https://api.github.com/users/tommeagher/repos', u'received_events_url': u'https://api.github.com/users/tommeagher/received_events', u'gravatar_id': u'f49ee94410e25430a43962cd23fb683b', u'starred_url': u'https://api.github.com/users/tommeagher/starred{/owner}{/repo}', u'login': u'tommeagher', u'type': u'User', u'id': 713778, u'followers_url': u'https://api.github.com/users/tommeagher/followers'}, u'number': 5, u'updated_at': u'2013-05-16T17:28:28Z', u'due_on': u'2013-02-20T08:00:00Z', u'state': u'closed', u'closed_issues': 10, u'open_issues': 0, u'id': 269499}, u'peggybustamante', u'closed', [{'commenter': u'tommeagher', 'comment_body': u'Same-ish as #62 ', 'created_at': u'2013-02-18T21:24:09Z', 'comment_id': 13743938, 'updated_at': None}], u'2013-02-18T21:24:09Z')
('DFMdata/oscarballot', 12, u'Add storylinks in right "aside" for each category', '', [u'invalid'], u'2013-02-11T16:00:25Z', None, u'peggybustamante', u'closed', [], u'2013-02-15T17:11:47Z')
('DFMdata/oscarballot', 11, u'Add tooltips to hold nominee blurbs', '', [], u'2013-02-11T15:59:38Z', None, u'peggybustamante', u'closed', [], u'2013-02-11T18:30:49Z')
('DFMdata/oscarballot', 10, u'Style/fix layout for "results" page', '', [], u'2013-02-11T16:03:26Z', None, u'peggybustamante', u'closed', [{'commenter': u'peggybustamante', 'comment_body': u'Do we want results to animate?', 'created_at': u'2013-02-11T16:03:26Z', 'comment_id': 13386830, 'updated_at': None}], u'2013-02-12T19:49:21Z')
('DFMdata/oscarballot', 9, u'Set up db connection script ', u"Then be sure to change the usernames and passwords in the conf in this repo. \r\n\r\nAs a best practice, we don't want to put any files with passwords in our repos, even if they're private (for now). ", [u'task'], u'2013-02-08T15:23:01Z', {u'description': '', u'title': u'First iteration to test', u'url': u'https://api.github.com/repos/DFMdata/oscarballot/milestones/3', u'labels_url': u'https://api.github.com/repos/DFMdata/oscarballot/milestones/3/labels', u'created_at': u'2013-02-04T15:37:19Z', u'creator': {u'following_url': u'https://api.github.com/users/tommeagher/following{/other_user}', u'events_url': u'https://api.github.com/users/tommeagher/events{/privacy}', u'organizations_url': u'https://api.github.com/users/tommeagher/orgs', u'url': u'https://api.github.com/users/tommeagher', u'gists_url': u'https://api.github.com/users/tommeagher/gists{/gist_id}', u'html_url': u'https://github.com/tommeagher', u'subscriptions_url': u'https://api.github.com/users/tommeagher/subscriptions', u'avatar_url': u'https://secure.gravatar.com/avatar/f49ee94410e25430a43962cd23fb683b?d=https://a248.e.akamai.net/assets.github.com%2Fimages%2Fgravatars%2Fgravatar-user-420.png', u'repos_url': u'https://api.github.com/users/tommeagher/repos', u'received_events_url': u'https://api.github.com/users/tommeagher/received_events', u'gravatar_id': u'f49ee94410e25430a43962cd23fb683b', u'starred_url': u'https://api.github.com/users/tommeagher/starred{/owner}{/repo}', u'login': u'tommeagher', u'type': u'User', u'id': 713778, u'followers_url': u'https://api.github.com/users/tommeagher/followers'}, u'number': 3, u'updated_at': u'2013-02-15T16:10:07Z', u'due_on': u'2013-02-14T08:00:00Z', u'state': u'closed', u'closed_issues': 18, u'open_issues': 0, u'id': 259484}, u'peggybustamante', u'closed', [], u'2013-02-15T16:09:25Z')
('DFMdata/oscarballot', 8, u'Need to caption images with proper attribution', '', [u'task'], u'2013-05-16T17:26:44Z', {u'description': '', u'title': u'Midweek iteration', u'url': u'https://api.github.com/repos/DFMdata/oscarballot/milestones/5', u'labels_url': u'https://api.github.com/repos/DFMdata/oscarballot/milestones/5/labels', u'created_at': u'2013-02-18T04:02:49Z', u'creator': {u'following_url': u'https://api.github.com/users/tommeagher/following{/other_user}', u'events_url': u'https://api.github.com/users/tommeagher/events{/privacy}', u'organizations_url': u'https://api.github.com/users/tommeagher/orgs', u'url': u'https://api.github.com/users/tommeagher', u'gists_url': u'https://api.github.com/users/tommeagher/gists{/gist_id}', u'html_url': u'https://github.com/tommeagher', u'subscriptions_url': u'https://api.github.com/users/tommeagher/subscriptions', u'avatar_url': u'https://secure.gravatar.com/avatar/f49ee94410e25430a43962cd23fb683b?d=https://a248.e.akamai.net/assets.github.com%2Fimages%2Fgravatars%2Fgravatar-user-420.png', u'repos_url': u'https://api.github.com/users/tommeagher/repos', u'received_events_url': u'https://api.github.com/users/tommeagher/received_events', u'gravatar_id': u'f49ee94410e25430a43962cd23fb683b', u'starred_url': u'https://api.github.com/users/tommeagher/starred{/owner}{/repo}', u'login': u'tommeagher', u'type': u'User', u'id': 713778, u'followers_url': u'https://api.github.com/users/tommeagher/followers'}, u'number': 5, u'updated_at': u'2013-05-16T17:28:28Z', u'due_on': u'2013-02-20T08:00:00Z', u'state': u'closed', u'closed_issues': 10, u'open_issues': 0, u'id': 269499}, u'peggybustamante', u'closed', [{'commenter': u'tommeagher', 'comment_body': u'unfinished?', 'created_at': u'2013-05-16T17:26:44Z', 'comment_id': 18015888, 'updated_at': None}], u'2013-05-16T17:26:44Z')
('DFMdata/oscarballot', 7, u'Can we print out our ballot at the end?', '', [u'enhancement', u'question'], u'2013-02-11T22:03:32Z', {u'description': '', u'title': u'First iteration to test', u'url': u'https://api.github.com/repos/DFMdata/oscarballot/milestones/3', u'labels_url': u'https://api.github.com/repos/DFMdata/oscarballot/milestones/3/labels', u'created_at': u'2013-02-04T15:37:19Z', u'creator': {u'following_url': u'https://api.github.com/users/tommeagher/following{/other_user}', u'events_url': u'https://api.github.com/users/tommeagher/events{/privacy}', u'organizations_url': u'https://api.github.com/users/tommeagher/orgs', u'url': u'https://api.github.com/users/tommeagher', u'gists_url': u'https://api.github.com/users/tommeagher/gists{/gist_id}', u'html_url': u'https://github.com/tommeagher', u'subscriptions_url': u'https://api.github.com/users/tommeagher/subscriptions', u'avatar_url': u'https://secure.gravatar.com/avatar/f49ee94410e25430a43962cd23fb683b?d=https://a248.e.akamai.net/assets.github.com%2Fimages%2Fgravatars%2Fgravatar-user-420.png', u'repos_url': u'https://api.github.com/users/tommeagher/repos', u'received_events_url': u'https://api.github.com/users/tommeagher/received_events', u'gravatar_id': u'f49ee94410e25430a43962cd23fb683b', u'starred_url': u'https://api.github.com/users/tommeagher/starred{/owner}{/repo}', u'login': u'tommeagher', u'type': u'User', u'id': 713778, u'followers_url': u'https://api.github.com/users/tommeagher/followers'}, u'number': 3, u'updated_at': u'2013-02-15T16:10:07Z', u'due_on': u'2013-02-14T08:00:00Z', u'state': u'closed', u'closed_issues': 18, u'open_issues': 0, u'id': 259484}, u'peggybustamante', u'closed', [{'commenter': u'peggybustamante', 'comment_body': u'yes', 'created_at': u'2013-02-11T22:03:32Z', 'comment_id': 13405908, 'updated_at': None}], u'2013-02-11T23:44:49Z')
('DFMdata/oscarballot', 6, u'Need images for categories and nominees.', u'Who is gathering these?', [], u'2013-02-05T16:20:55Z', {u'description': '', u'title': u'First iteration to test', u'url': u'https://api.github.com/repos/DFMdata/oscarballot/milestones/3', u'labels_url': u'https://api.github.com/repos/DFMdata/oscarballot/milestones/3/labels', u'created_at': u'2013-02-04T15:37:19Z', u'creator': {u'following_url': u'https://api.github.com/users/tommeagher/following{/other_user}', u'events_url': u'https://api.github.com/users/tommeagher/events{/privacy}', u'organizations_url': u'https://api.github.com/users/tommeagher/orgs', u'url': u'https://api.github.com/users/tommeagher', u'gists_url': u'https://api.github.com/users/tommeagher/gists{/gist_id}', u'html_url': u'https://github.com/tommeagher', u'subscriptions_url': u'https://api.github.com/users/tommeagher/subscriptions', u'avatar_url': u'https://secure.gravatar.com/avatar/f49ee94410e25430a43962cd23fb683b?d=https://a248.e.akamai.net/assets.github.com%2Fimages%2Fgravatars%2Fgravatar-user-420.png', u'repos_url': u'https://api.github.com/users/tommeagher/repos', u'received_events_url': u'https://api.github.com/users/tommeagher/received_events', u'gravatar_id': u'f49ee94410e25430a43962cd23fb683b', u'starred_url': u'https://api.github.com/users/tommeagher/starred{/owner}{/repo}', u'login': u'tommeagher', u'type': u'User', u'id': 713778, u'followers_url': u'https://api.github.com/users/tommeagher/followers'}, u'number': 3, u'updated_at': u'2013-02-15T16:10:07Z', u'due_on': u'2013-02-14T08:00:00Z', u'state': u'closed', u'closed_issues': 18, u'open_issues': 0, u'id': 259484}, None, u'closed', [{'commenter': u'tommeagher', 'comment_body': u'Kelly is collecting.', 'created_at': u'2013-02-05T16:20:55Z', 'comment_id': 13137340, 'updated_at': None}], u'2013-02-11T23:43:32Z')
('DFMdata/oscarballot', 5, u'Write logic for voting and flow between view', u'This includes:\r\n\r\nSubmit button --> drop vote into db --> Ajax in results page\r\n"View vote summary" button --> gather vote summary from DB and gather users vote summary from [session] variables.', [], u'2013-02-03T23:17:54Z', {u'description': '', u'title': u'First iteration to test', u'url': u'https://api.github.com/repos/DFMdata/oscarballot/milestones/3', u'labels_url': u'https://api.github.com/repos/DFMdata/oscarballot/milestones/3/labels', u'created_at': u'2013-02-04T15:37:19Z', u'creator': {u'following_url': u'https://api.github.com/users/tommeagher/following{/other_user}', u'events_url': u'https://api.github.com/users/tommeagher/events{/privacy}', u'organizations_url': u'https://api.github.com/users/tommeagher/orgs', u'url': u'https://api.github.com/users/tommeagher', u'gists_url': u'https://api.github.com/users/tommeagher/gists{/gist_id}', u'html_url': u'https://github.com/tommeagher', u'subscriptions_url': u'https://api.github.com/users/tommeagher/subscriptions', u'avatar_url': u'https://secure.gravatar.com/avatar/f49ee94410e25430a43962cd23fb683b?d=https://a248.e.akamai.net/assets.github.com%2Fimages%2Fgravatars%2Fgravatar-user-420.png', u'repos_url': u'https://api.github.com/users/tommeagher/repos', u'received_events_url': u'https://api.github.com/users/tommeagher/received_events', u'gravatar_id': u'f49ee94410e25430a43962cd23fb683b', u'starred_url': u'https://api.github.com/users/tommeagher/starred{/owner}{/repo}', u'login': u'tommeagher', u'type': u'User', u'id': 713778, u'followers_url': u'https://api.github.com/users/tommeagher/followers'}, u'number': 3, u'updated_at': u'2013-02-15T16:10:07Z', u'due_on': u'2013-02-14T08:00:00Z', u'state': u'closed', u'closed_issues': 18, u'open_issues': 0, u'id': 259484}, u'peggybustamante', u'closed', [], u'2013-02-11T23:43:40Z')
('DFMdata/oscarballot', 4, u'Style / CSS', '', [], u'2013-02-03T23:15:14Z', {u'description': '', u'title': u'First iteration to test', u'url': u'https://api.github.com/repos/DFMdata/oscarballot/milestones/3', u'labels_url': u'https://api.github.com/repos/DFMdata/oscarballot/milestones/3/labels', u'created_at': u'2013-02-04T15:37:19Z', u'creator': {u'following_url': u'https://api.github.com/users/tommeagher/following{/other_user}', u'events_url': u'https://api.github.com/users/tommeagher/events{/privacy}', u'organizations_url': u'https://api.github.com/users/tommeagher/orgs', u'url': u'https://api.github.com/users/tommeagher', u'gists_url': u'https://api.github.com/users/tommeagher/gists{/gist_id}', u'html_url': u'https://github.com/tommeagher', u'subscriptions_url': u'https://api.github.com/users/tommeagher/subscriptions', u'avatar_url': u'https://secure.gravatar.com/avatar/f49ee94410e25430a43962cd23fb683b?d=https://a248.e.akamai.net/assets.github.com%2Fimages%2Fgravatars%2Fgravatar-user-420.png', u'repos_url': u'https://api.github.com/users/tommeagher/repos', u'received_events_url': u'https://api.github.com/users/tommeagher/received_events', u'gravatar_id': u'f49ee94410e25430a43962cd23fb683b', u'starred_url': u'https://api.github.com/users/tommeagher/starred{/owner}{/repo}', u'login': u'tommeagher', u'type': u'User', u'id': 713778, u'followers_url': u'https://api.github.com/users/tommeagher/followers'}, u'number': 3, u'updated_at': u'2013-02-15T16:10:07Z', u'due_on': u'2013-02-14T08:00:00Z', u'state': u'closed', u'closed_issues': 18, u'open_issues': 0, u'id': 259484}, None, u'closed', [], u'2013-02-11T22:03:50Z')
('DFMdata/oscarballot', 3, u'Write HTML ', '', [], u'2013-02-03T23:14:59Z', {u'description': '', u'title': u'First iteration to test', u'url': u'https://api.github.com/repos/DFMdata/oscarballot/milestones/3', u'labels_url': u'https://api.github.com/repos/DFMdata/oscarballot/milestones/3/labels', u'created_at': u'2013-02-04T15:37:19Z', u'creator': {u'following_url': u'https://api.github.com/users/tommeagher/following{/other_user}', u'events_url': u'https://api.github.com/users/tommeagher/events{/privacy}', u'organizations_url': u'https://api.github.com/users/tommeagher/orgs', u'url': u'https://api.github.com/users/tommeagher', u'gists_url': u'https://api.github.com/users/tommeagher/gists{/gist_id}', u'html_url': u'https://github.com/tommeagher', u'subscriptions_url': u'https://api.github.com/users/tommeagher/subscriptions', u'avatar_url': u'https://secure.gravatar.com/avatar/f49ee94410e25430a43962cd23fb683b?d=https://a248.e.akamai.net/assets.github.com%2Fimages%2Fgravatars%2Fgravatar-user-420.png', u'repos_url': u'https://api.github.com/users/tommeagher/repos', u'received_events_url': u'https://api.github.com/users/tommeagher/received_events', u'gravatar_id': u'f49ee94410e25430a43962cd23fb683b', u'starred_url': u'https://api.github.com/users/tommeagher/starred{/owner}{/repo}', u'login': u'tommeagher', u'type': u'User', u'id': 713778, u'followers_url': u'https://api.github.com/users/tommeagher/followers'}, u'number': 3, u'updated_at': u'2013-02-15T16:10:07Z', u'due_on': u'2013-02-14T08:00:00Z', u'state': u'closed', u'closed_issues': 18, u'open_issues': 0, u'id': 259484}, u'peggybustamante', u'closed', [], u'2013-02-11T22:03:50Z')
('DFMdata/oscarballot', 2, u'Create JSON feed for static data', '', [u'enhancement'], u'2013-02-18T16:39:05Z', {u'description': '', u'title': u'Full release', u'url': u'https://api.github.com/repos/DFMdata/oscarballot/milestones/4', u'labels_url': u'https://api.github.com/repos/DFMdata/oscarballot/milestones/4/labels', u'created_at': u'2013-02-04T15:38:39Z', u'creator': {u'following_url': u'https://api.github.com/users/tommeagher/following{/other_user}', u'events_url': u'https://api.github.com/users/tommeagher/events{/privacy}', u'organizations_url': u'https://api.github.com/users/tommeagher/orgs', u'url': u'https://api.github.com/users/tommeagher', u'gists_url': u'https://api.github.com/users/tommeagher/gists{/gist_id}', u'html_url': u'https://github.com/tommeagher', u'subscriptions_url': u'https://api.github.com/users/tommeagher/subscriptions', u'avatar_url': u'https://secure.gravatar.com/avatar/f49ee94410e25430a43962cd23fb683b?d=https://a248.e.akamai.net/assets.github.com%2Fimages%2Fgravatars%2Fgravatar-user-420.png', u'repos_url': u'https://api.github.com/users/tommeagher/repos', u'received_events_url': u'https://api.github.com/users/tommeagher/received_events', u'gravatar_id': u'f49ee94410e25430a43962cd23fb683b', u'starred_url': u'https://api.github.com/users/tommeagher/starred{/owner}{/repo}', u'login': u'tommeagher', u'type': u'User', u'id': 713778, u'followers_url': u'https://api.github.com/users/tommeagher/followers'}, u'number': 4, u'updated_at': u'2013-02-18T16:39:05Z', u'due_on': u'2013-02-15T08:00:00Z', u'state': u'closed', u'closed_issues': 6, u'open_issues': 0, u'id': 259485}, u'peggybustamante', u'closed', [{'commenter': u'tommeagher', 'comment_body': u'Is this still an issue or no?', 'created_at': u'2013-02-18T04:02:30Z', 'comment_id': 13705724, 'updated_at': None}, {'commenter': u'tommeagher', 'comment_body': u"Won't fix.", 'created_at': u'2013-02-18T16:39:05Z', 'comment_id': 13730455, 'updated_at': None}], u'2013-02-18T16:39:05Z')
('DFMdata/oscarballot', 1, u'Port data from Google Spreadsheets to MySQL db', '', [], u'2013-02-03T23:21:42Z', {u'description': '', u'title': u'First iteration to test', u'url': u'https://api.github.com/repos/DFMdata/oscarballot/milestones/3', u'labels_url': u'https://api.github.com/repos/DFMdata/oscarballot/milestones/3/labels', u'created_at': u'2013-02-04T15:37:19Z', u'creator': {u'following_url': u'https://api.github.com/users/tommeagher/following{/other_user}', u'events_url': u'https://api.github.com/users/tommeagher/events{/privacy}', u'organizations_url': u'https://api.github.com/users/tommeagher/orgs', u'url': u'https://api.github.com/users/tommeagher', u'gists_url': u'https://api.github.com/users/tommeagher/gists{/gist_id}', u'html_url': u'https://github.com/tommeagher', u'subscriptions_url': u'https://api.github.com/users/tommeagher/subscriptions', u'avatar_url': u'https://secure.gravatar.com/avatar/f49ee94410e25430a43962cd23fb683b?d=https://a248.e.akamai.net/assets.github.com%2Fimages%2Fgravatars%2Fgravatar-user-420.png', u'repos_url': u'https://api.github.com/users/tommeagher/repos', u'received_events_url': u'https://api.github.com/users/tommeagher/received_events', u'gravatar_id': u'f49ee94410e25430a43962cd23fb683b', u'starred_url': u'https://api.github.com/users/tommeagher/starred{/owner}{/repo}', u'login': u'tommeagher', u'type': u'User', u'id': 713778, u'followers_url': u'https://api.github.com/users/tommeagher/followers'}, u'number': 3, u'updated_at': u'2013-02-15T16:10:07Z', u'due_on': u'2013-02-14T08:00:00Z', u'state': u'closed', u'closed_issues': 18, u'open_issues': 0, u'id': 259484}, u'peggybustamante', u'closed', [{'commenter': u'peggybustamante', 'comment_body': u'Need to make sure John has completed data in gSpreadsheet', 'created_at': u'2013-02-03T23:21:42Z', 'comment_id': 13057852, 'updated_at': None}], u'2013-02-11T23:43:56Z')
